﻿{
  "ReRoutes": [
    {
      "DownstreamPathTemplate": "/api/{url}",
      "DownstreamScheme": "http",
      "UpstreamPathTemplate": "/MsgService/{url}",
      "UpstreamHttpMethod": [ "Get", "Post" ],
      "ServiceName": "MsgService",
      "LoadBalancerOptions": { "Type": "RoundRobin" },
      "UseServiceDiscovery": true,
      "AuthenticationOptions": {
        "AuthenticationProviderKey": "MsgKey",
        "AllowedScopes": []
      }
    }
  ],
  "GlobalConfiguration": {
    "ServiceDiscoveryProvider": {
      "Host": "consulserver",
      "Port": 8500,
      "Token": "p2BE1AtpwPbrxZdC6k+eXA=="
    }
  }
}
